id,blockNumber,blockHash,logIndex,timestamp,type,amountToken,amountETH,amountRef,price,priceETH,maker,pool_amountToken,pool_amountTokenRef,pool_liquidity,amountUSD
3t9QFqJDwcxV7p6nw67DLqzEcNYBwzTn8FWV3D69GxPbeUAokYALxwq7Z8QWbFF9SyNDadp411SH5uwp2FKzpxcu,289619757,AUPM646v8efqy9HHkjD3ZJxkuMovsFFF6bR9scTScako,19,1726264604,sell,56403564,1.5063245600000001,1.5063245600000001,3.712915892213506e-06,2.6706194665287467e-08,GxDkunDf6HhdhJhTZByuMtuEnNDJ2K939G3wTf1nm5uh,85213458632.28767,2296.986260599974,635736.4178767761,209.4216891530816
2nBhiPqvtiYwvoZux7hL9tLLqnod2WHQxCKxdJYh992uUitPcDcc7h9fKnhRcFre9sEk6rRaFdugRC8kFrE5hYHr,289619742,7gQ1zH98wFjjrK5RAh16JNrs5iBE5KxGdd7WLeGaa64C,13,1726264598,buy,8991224.693161,0.241464055,0.241464055,3.733676959454342e-06,2.685552449641982e-08,YMkRY6E6EFF1x6uDsuG95rbTcHTc1Zax2QLUsV3vGMU,85157055068.28767,2298.4925851599737,637504.3692230803,33.57032847413216
NSDa35W36Qi4qVD7hVbs91uBB9NvJKYevJ5yUA6F2zAdujH1yLyJCXDxCPv6C5UmNR5ikjWfqRaoC2h4hSkRqy9,289619724,3ppN5o9qAtTN8xsaw5tjr3BKiPGT1Mkyd78vmU2tLVm8,1,1726264590,sell,9931865.17062,0.26539649800000004,0.26539649800000004,3.715074042253334e-06,2.6721717768086914e-08,EdFgAjt2nXPNEmuk3QwawZfkWh6W2XDprxFhdZxTWXd1,85166046292.98083,2298.2511211049737,635920.0323155548,36.897614486530344
zr3UkQRfmMKJ3EhJmbLQFswAKeH6pUCdo4GL6vurCdotqBkSrU2CSd8irSy7Z8ohX83SDCQzRuxpmPmy7P876WY,289619674,6XTuZqPNufWju7jPSpPVCKzESe1GV1XXhHwK6EL47oQ,172,1726264567,buy,11603809.850512,0.311623448,0.311623448,3.7328682755418454e-06,2.6855270123738723e-08,4CvpzWQeoyady4rmMLYMzHKiwA65jAMF5XKuJAwYT9zS,85156114427.81021,2298.5165176029736,637369.132465448,43.31549366639621
5Dh5Lrf7vdidzp4KdvJVqxFHg56mz72FtbTsPXk8NEpv224LZkSm8Y9xsyS6btjBj5Uh9najZ7VSZsMHJcbacLZJ,289619654,J9wtSFoZZFrUF2UKEUZbyWrZtNpw6wrHpdewYMtcvJGS,5,1726264557,buy,2140077.670897,0.057462834000000004,0.057462834000000004,3.7328754538566274e-06,2.6850817043436943e-08,8X3gK9QonquwYP1aD6K7FEBvRgpidyJxjM2xmzkVHEhu,85167718237.66072,2298.2048941549738,637423.3373699891,7.988643407038073
5T1atN2FdESpJUCJiDDwSncb73Sns8JFNH5onxMTGHNwTZ2PJMnT2DgdSS6eA49KMJBkz2xHdfB7ZNtrTZTEuL1h,289619636,8SdpPPaYXc76MyrXBRCfZAp8uQqK65JPmTxk8w13jsRp,66,1726264549,buy,20941632.295166,0.562143072,0.562143072,3.731834090040215e-06,2.6843326445463404e-08,2DHieN6UUSnxCXkro2G3y5oNtsv4JnqSWpKkNgvdgzZg,85169858315.33162,2298.1474313209737,637334.6445612906,78.1506973001876
2auQYZ8RatSRCKDSWzkmAsYVZdTHrV77utzFWXRs22Ztz8gxQ56Yn5Efgk6ANEpF58iS3qBk5rKEb6V1G19X3tKV,289619566,PgKFokhV9kJ4rpr2RHSNKwYGGY5cr7pqci8xmBxCHbC,81,1726264517,sell,9097987.902582,0.24296597600000003,0.24296597600000003,3.7132488323197325e-06,2.6705462636529396e-08,5xTeKqSMR3YDyNxcSYan5gT3qhhAtaqKAak9txEm4wGC,85190799947.62679,2297.585288248974,635801.3334975906,33.78309295572166
44ELD9DTHfR6M5MMSkX7wp9hWagyn8o7Vc33N4r8sYwLwvypXf7jN3QZZsbFret8m9ArsY2HrPcnQhQGxB2caVcz,289619522,4qFqvdQvGzS7Mg3nVqosyS6xKVRB5Fu5gGbCEu7sCuwc,24,1726264497,sell,11719995.218399,0.313066397,0.313066397,3.714691314339062e-06,2.671216081287499e-08,G8WY58hz3vuUgjqzyB7Ab9BaX4eK6jyjBuivHVV4zASK,85181701959.7242,2297.828254224974,635968.1755110042,43.5361644418821
5rR4yF3YPpM3qsEEWNZFsTg31MjnL46bBTeqFMHWfzuGn9dbxrvPuV8zWPe8jkP4b7at2u2HcUfvZSKzkh51finZ,289619484,35eDsySrHuveTd66gdYKv9b3WcRjP697boMscDUd72tE,51,1726264477,sell,21083917.276171997,0.563419678,0.563419678,3.71573456716711e-06,2.6722722851732545e-08,3Nu4avtH2yzy7g4E1Rzv8epXkR25XWxscUby5UdVsfQ8,85169981964.5058,2298.141320621974,636020.4328303587,78.34224023436411
5CwhQ7ZzD3eoPEFRWhkHGLgH98Kr38Uut2U26gRiu5PrtCj17jHxwQvhyzFDb7T1BtyUETFkidQs87xCqFDEoeu5,289619465,FfZ3EXHtfFHVgbYQ7hEWCsod328iXxRqM1HY18jMqv6R,68,1726264468,sell,82213130,2.199697863,2.199697863,3.720545079067518e-06,2.675604082948794e-08,GxDkunDf6HhdhJhTZByuMtuEnNDJ2K939G3wTf1nm5uh,85148898047.22963,2298.704740299974,636445.3113307033,305.87765625623814
66255MxTnjcEk8KarVngnCRD8sS7SfZF2nQWiDwtCf6yDLw2HPy9b5LcrjNXU73kUYG3YRiFZUQJBuf9f13XEoiS,289619414,D1RhwWyrRBLx6yUGH1V2v4jr89HMawPsyQrsKqaQ7QJR,89,1726264446,buy,9931865.17062,0.267303428,0.267303428,3.7406194515154485e-06,2.6913718964965925e-08,EdFgAjt2nXPNEmuk3QwawZfkWh6W2XDprxFhdZxTWXd1,85066684917.22963,2300.904438162974,637994.6863936996,37.15132804704997
2a8jpiv4a4b9rPikAHbABCrWLiX1RXQCT9zKaMzAwVvV31HEw3HwFemKkDKGHxGU15isq7TCsnKzeKk6zw1TDK9j,289619288,4Ni3taUxwz6LfgN3zRnNHbKba8JkQMz7cvqLMeqv9byY,15,1726264388,buy,90175070,2.424009453,2.424009453,3.7388555666931693e-06,2.688114855913059e-08,DJ1wBrHomngWYsPFQr35HzEj4qsS7uQ27ZrBe3eHZHcw,85076616782.40025,2300.637134734974,638081.0880752055,337.15156244644623
KjVC986SdxF27TKELHcyMzbT22759kTqjeiSC7qH8YwCrLubEjstRLhkPsKeuA8emL1yMw2T1LSWHYcybaaRNYX,289619267,FAtav6N3y8xMH1UQVCir97Pxz3U3jToPS6TeG8FwhV7m,150,1726264379,buy,9097987.902582,0.244271489,0.244271489,3.7343781408153383e-06,2.684895733161791e-08,5xTeKqSMR3YDyNxcSYan5gT3qhhAtaqKAak9txEm4wGC,85166791852.40025,2298.213125281974,637699.7600774337,33.9753271488046
3FgdLRszVqRcqktf3NtxPwcfgK9QFvU24c29dL575FSLK8mpn6ieE7ESEkGtbExt7LbKK1wif7HacKcXEPWvDunx,289619264,FLy3uJMkXoCaJ9NUY2e4GuXvchr3h3VD7zW1a2gW9U4m,45,1726264378,sell,10056968.819427,0.268673826,0.268673826,3.715772564032849e-06,2.6715189320365002e-08,7tiiGjGcSmTHJxfgAhbQGXZnTnDrFqtdbAqTQsgCLqtz,85175889840.30284,2297.968853792974,636115.013518993,37.36940881656068
HPiv1UZPvn5D8oM1z8QAoZtSnT6SXENi92s2CPDyNrPrMXEJLqb8sBDRS2z23YqM1Y6f3dBHx4hnTKD5dRu1buz,289619212,2LCZ9jWhQZv41ir6T5YjiYQSDde4qqcU9ku3ov1sRPXb,15,1726264356,buy,11719995.218399,0.314666773,0.314666773,3.7335602503113644e-06,2.6848711721828228e-08,G8WY58hz3vuUgjqzyB7Ab9BaX4eK6jyjBuivHVV4zASK,85165832871.48341,2298.237527618974,637562.8297863868,43.75730828125376
1SAvkPeb8SHBhu4t56zxaECi26Sby96cMHt4DeR6CHhK97xxYpAReGsweDK8FbT8KS9DzmLN4CKkqq7juUMBrRC,289619159,5DHXPCEzWv8tLhifFtney2RNeHBEytRTFVai3TxwKFC1,90,1726264332,buy,21083917.276171997,0.565851764,0.565851764,3.732117288633922e-06,2.6838075514529634e-08,3Nu4avtH2yzy7g4E1Rzv8epXkR25XWxscUby5UdVsfQ8,85177552866.70181,2297.922860845974,637443.0128511995,78.68765217852894
5TJj4Rq5okispe5GU3ZV4SamPjYcVdKZxs2sbrhNNDhzwUS9aqWC2QTLWk38AdT6wY9jE2yyLUP7RBgJ3B5q7GP5,289619131,7SUg3EqGoWBf4woa3gm4M4Hnqqxnmgnt4Lx6VBY36NVF,188,1726264321,sell,9204729.626217,0.245768376,0.245768376,3.7125716764883556e-06,2.6700227598212136e-08,Hkc8DTt5c4NUjQ7mxB2zHAsswCFNc2gvh4tCg6thbhSr,85198636783.97798,2297.357009081974,635745.3663569749,34.173218500026486
2LMqJ8w6EphHtQ9yx8u1L1e7aLX6PvHXFKxgBp71aB65TPiYo3Zjbp9PeKcD4ZbsBsPwKv16rNCyvgAvCqoTSsUW,289619084,5UgsUhePoRghWt4jx3ATRdxybu1oRdQK4nWKaJ4nS8PT,6,1726264298,sell,85035980,2.273062189,2.273062189,3.7186216490769817e-06,2.6730593203018298e-08,DJ1wBrHomngWYsPFQr35HzEj4qsS7uQ27ZrBe3eHZHcw,85189432054.35176,2297.602777457974,636417.8620225864,316.21663617847724
4jTC4strBsFw2hn1Tz1tvAx9dAXTBd6HyzKwHkoH6PqbFznDTa4SGyLSJntEpNCsEo1pa3FgNvL25c6jxVGeGY1k,289619078,7SAaXYLAqbHtHc43soMDHCuBsoQFHuTKA2UR2L1c3sxZ,61,1726264295,sell,11817215.112515999,0.316249705,0.316249705,3.7229601234434896e-06,2.6761779487711076e-08,5wejXvijQodhdAds4LYYJk4wUH1hAGVNTAwA3LKtcnKb,85104396074.35176,2299.875839646974,636787.085263432,43.99502063405083
4JY6pmJVPHTUzShG2pcDS4ieaCFXWSZ4GE4zFnz3oeeWLAUMTG22X5Qfj1gHGuy589sbfzwcgWGwnqnre51q1ssm,289619033,GLrMUCRQhC2kdE9qstbfVV9YhB777bcdFsDJkmMbrf1L,23,1726264275,sell,21184398.212889,0.5671579210000001,0.5671579210000001,3.723470343615712e-06,2.677243485042356e-08,EzmUKc15V3sk5qBhq6bZUqqVTGYpuJzeRP3sLm4MQAch,85092578859.23924,2300.1920893519737,636746.9819624089,78.87947849303788
5hkHCTeuwNKiuGzNjLVkCidLJn2cCbgwosrz2ubmsZkJ72j3AtqBcyyykrEgxLdp8UQqFWS7sijhWQr7aUM7tj9t,289618944,Go1tJbB9UPF8Re2z5KuAC5Uwd79sho6yDRrGzFU9wxMP,7,1726264236,buy,10056968.819427,0.270636957,0.270636957,3.741479302224981e-06,2.691039038295633e-08,7tiiGjGcSmTHJxfgAhbQGXZnTnDrFqtdbAqTQsgCLqtz,85071394461.02635,2300.759247272974,638178.3400427834,37.62794068100813
2W29KQ75uAYoYNBChY4bvoaD8DYyfXmrsudzrk4QCqRnS7ja84WBLHkU8G8b3XJrPoVngp9jP6gUb1vqrjMqMqMc,289618902,7Yi9P3sphmw9gcVtc6zxamYWsrEFRFSfCMjQoHbLS4MM,9,1726264217,buy,92254344,2.479530113,2.479530113,3.736599209744947e-06,2.687710958087784e-08,6vNAt1NG3eNXeFn61sawneNAzTwcduMSVVo1pdCxBvBi,85081451429.84578,2300.488610315974,637741.4878637991,344.7175088859385
2JJHqV9PJkfa9JgygpfiQ4fFNQcDRMtAd2EpNtmjSGpDVN22oSZHKSyeP35PSSiuWjm431dWiHYbwzEFGHxki95C,289618844,Duyr1ygTJTfSu4922JnFYvYim3yjeWHswV4Ns4NQq32e,17,1726264190,sell,890000,0.023774946,0.023774946,3.712621987211078e-06,2.6713422471910114e-08,34RKn328vk73TZYM2QYvet91qyq3gRXCLC19ckXurPxS,85173705773.84578,2298.009080202974,635594.2602803676,3.3042335686178594
XQhQ8SYCNsyEougayr4qXgRedFEikxmztGWpLZrAKetyiVuMzpLP2N1bZBa9GstWkjJ3PBudAgkXJfYPXfuNgtu,289618824,2fJjKoCLHAb6wrCKaceuNDoUcCo5VTUqrHqeUUtBcJT3,16,1726264180,buy,9204729.626217,0.24709906,0.24709906,3.7306882417488645e-06,2.6844792843910383e-08,Hkc8DTt5c4NUjQ7mxB2zHAsswCFNc2gvh4tCg6thbhSr,85172815773.84578,2298.032855148974,637116.6162495785,34.33997658500518
5fw67UCrc8TjHJQZVQNHY3vQcFp5nwNoxBsDbQ2sFWh9DYZtyNJYc3EQDS7RSQU29QwHXWSa3HiBhjDR5VJiAmnD,289618769,CLd2KrrGtRQHZRTim9xAUgwWZopfVXUxNv6vmNmVdCnq,109,1726264154,buy,11817215.112515999,0.317150168,0.317150168,3.7294747995954584e-06,2.6837978743747832e-08,5wejXvijQodhdAds4LYYJk4wUH1hAGVNTAwA3LKtcnKb,85182020503.472,2297.785756088974,636990.4384862797,44.072005963527026
56xAxk7QNzPJNBo9bFcy4rBqyamhHsjqSAweYWp1NYVqvMqg75jKo9nrYbPPua9pZsEuPCGKbgCWLt22nttN2hyf,289618729,qGuBkax1PabCcSdqxmmGSFXAyFzTsYp6VpAcirRPEWp,107,1726264134,sell,664829.379222,0.017751187,0.017751187,3.7091904701912265e-06,2.6700364867709195e-08,Gq5bh1qHRdhM5kHPz7HaSkzdRxUZ4MLAuKAnVUYoAMWZ,85193837718.58452,2297.468605920974,635162.4259153076,2.4659787977133916
3Wn9UERovKfDg3rzE1KWgwTLhtkgNTTRet316y5ZnyQ62N8BiBPRQ6k2y8PTZPmTxA7R5f8JY7JpVEqWGWU9adtX,289618718,Df1VSW12nRyivwvjxb3dF7qi7dLkGH9fGdT5n9G8dHPS,44,1726264129,sell,47335677.576413,1.2646117970000001,1.2646117970000001,3.71133852584545e-06,2.671582750576589e-08,6jvYtr9G5WQnKs3cFsFtKmEfkbEnUXFhBKsmZad26QPV,85193172889.20529,2297.486357107974,635345.4255920337,175.67872383634014
4N26Rw3FkPD6iEjjQgomQieTSFsbvavtvyXNurgLUkvaDmzxhGuPPoQGpbfd6ARcxToryCCQSyyNAojKn6mK679z,289618716,8RbeT7h5eQPmwTNHHy1fEFoU6sVjoHiRaBZrpLX5ZpRa,1,1726264128,sell,33884790,0.9061463390000001,0.9061463390000001,3.7149714529483743e-06,2.6741978893775056e-08,YpnnUu1ZPHpAzy4xggEd5pBTbu1aDayXuARsYsavNs9,85145837211.62888,2298.750968904974,635654.7542117408,125.88102753915054
5xghVFb99y8ojURqUdGRA9rLaVgYMrsEvDtMWEab2DzHQUfD5NdhxCrXZicdZrRWeRYmpFLdxT8bBzuB8wTXwqtd,289618708,2NC2cs9fcvwnRCNMmaCyaaNnthgiBo8XK5G11KbRo1fe,9,1726264125,buy,21184398.212889,0.569442259,0.569442259,3.7341821722375486e-06,2.6880265999415562e-08,EzmUKc15V3sk5qBhq6bZUqqVTGYpuJzeRP3sLm4MQAch,85111952421.62888,2299.6571152439737,637289.8160378663,79.10640213615109
41zwi2TyKRho2p6kMQZNbpCdfz5y6DURLx3jKMTrq8Ba1F6VPuwpTjonbvXjuSBzodcZ582bbrEfLLBiHvyptsDb,289618705,E9aPmpZMsrijtKhqYD9bNc6GgmytGowNianZvqBcnfD7,4,1726264123,buy,92996010,2.4963102590000004,2.4963102590000004,3.729032643732512e-06,2.6843197455460727e-08,GxDkunDf6HhdhJhTZByuMtuEnNDJ2K939G3wTf1nm5uh,85133136819.84177,2299.087672984974,636851.4205230894,346.78515702687514
5hPBXdFDV54tCiRVnUHF3CgEnbNSXxCSAb4dZeJK88KYvhUTw84moGkZVasDtYSkRKeqstXLZqP927ReMsWbjeRE,289618654,5RpYgLMsgnsvY9uSyKkZB8e9brUnQ6UetzVMbWtejcBi,2,1726264099,sell,9312089.83336,0.24846710000000002,0.24846710000000002,3.7069611492919276e-06,2.668220608330921e-08,EeF8nnnAqqAoE99jyTuCGAVgKN8suRsunXxSywvcKRuD,85226132829.84177,2296.591362725974,634995.5956906152,34.51955523098186
2PUzMj9vyWL6Jixoiikgi9NR3v6TsaPHzn3vgLF46Xpmb2ktnJgdtxPBJYRjpJT1QmyBPHW8EKoDS5mF8rXruEaE,289618608,F28aPD8mCUgWHdYN32CNGcs4UTpuZgXrNVyuCXNvvWms,25,1726264077,sell,11927182.460463999,0.318324942,0.318324942,3.7081528285369222e-06,2.668903096394958e-08,FZWNmPSsCvyBti2PJiYMgpT845LfwkHTZuLeYGjSDWDf,85216820740.0084,2296.839829825974,635118.102079279,44.22781537724555
ZppcaGow3vnVKoVMgEEBDq8tgS6yKXMntiYaxdrqufopr7kUtamx6NoM4gMVCAbrqXrmu4EL11uENeFnabnygJi,289618573,4GEmtgo3kvYf6euMo5fyKSCzLhKTx1fdQMciQPm4iKvk,74,1726264059,sell,10185996.259358,0.271926757,0.271926757,3.7086438831974485e-06,2.6696137528047642e-08,2jQJsKDZnRhWFQUPcRqzZWXJZkqASuSCDm1QtTQV9YA5,85204893557.54794,2297.158154767974,635117.2343374179,37.77623272154014
vV8BMfxgJs69vorLjCeUdFw1zKRDa8moCmwKSZikA3hsChcDJ14HrfTb9QSfYm7rJTbUfT9H2Vq6iUNkaJGZLzZ,289618573,4GEmtgo3kvYf6euMo5fyKSCzLhKTx1fdQMciQPm4iKvk,50,1726264059,sell,21354539.165030997,0.5703004,0.5703004,3.7100535178056233e-06,2.6706284579247308e-08,EjuJrLtyW9s7qCras99xLdt9cniQ8NVTQHvMheXRXTmF,85194707561.28859,2297.430081524974,635237.3277456296,79.22648315034121
52VAfQRQDwatmyzKHCLsdDWpCGU8SSPf7xCUGTDqEmFjsdfbwNZTdVW36oz4Hk7WXapNjnEw9bbd9Je5hQHFoYXL,289618548,DAHAqiD3y8wbuDBhVkKav1j1oiKPvhNteJJGGX4gSQQR,0,1726264048,sell,3004451.065537,0.08026124700000001,0.08026124700000001,3.7111411269400603e-06,2.671411357656928e-08,DnS7Kc3S6ixwLkuEyQxaAnsPa6Cye2WWfxopk5TERm5o,85173353022.12357,2298.000381924974,635329.9630623872,11.149941913193247
5hpnRQVANBeLZtQczxM5ZNz672xrEGN81njZAWBSMBe9YKwJWhwXadkGdvG7YW42DFT9t2kLpzaPM26m2CjsSpg7,289618506,5zVp62qsxgNfHy1sbs6ZgU367RYwoiSJFNrRoJtPx6zn,101,1726264030,sell,74354170,1.9881605160000002,1.9881605160000002,3.714692120108938e-06,2.6739058697044162e-08,GxDkunDf6HhdhJhTZByuMtuEnNDJ2K939G3wTf1nm5uh,85170348571.05803,2298.0806431719743,635639.7593976912,276.2028493962404
5yotcfepxJoJmLHxZETaxBmm1i7NzQGLc9hV8MXjFnpmseS8Gup7gMQUKzaR2vDwCypFVqLWLu4Zo2uiYdu7UFeQ,289618342,DbLasRRg9V99YmEm8NJJtVVXRov7bnLf2B74o7ijbppj,43,1726263956,buy,9312089.83336,0.25044202000000004,0.25044202000000004,3.737920847933769e-06,2.689428737068307e-08,EeF8nnnAqqAoE99jyTuCGAVgKN8suRsunXxSywvcKRuD,85095994401.05803,2300.068803687974,637758.7208065375,34.80785472594844
GmtMCdWcfUPBZieeqsfBtczf5F2M8SfFfLGxQTG2C8C2Th65G1qF2SX3yoZuQwYfvHMGryiR9bqMKyQt65aWiBf,289618322,CrVWTtzt84fngxhot3fMMEo3BfQnXdfuC4Bc12jSmFSE,170,1726263946,sell,74329390,1.990615687,1.990615687,3.7221760741953965e-06,2.678100394742914e-08,6vNAt1NG3eNXeFn61sawneNAzTwcduMSVVo1pdCxBvBi,85105306490.89139,2299.8183616679744,636418.7570119037,276.66707706753857
HPaaviWtbwFEgGckARyzkwuMLBDJ2C9jDnSg8gS918V86Yi43TVUYYhSTKV5fQo8smPkKTqeALLio2JaNo6D3ch,289618300,empphqjjXVLv94oXR1eTDLmpU6R1g5AAyg9aRwcJ2bE,3,1726263937,buy,11927182.460463999,0.321266192,0.321266192,3.7440336339866405e-06,2.693563153451598e-08,FZWNmPSsCvyBti2PJiYMgpT845LfwkHTZuLeYGjSDWDf,85030977100.89139,2301.8089773549746,638308.6496269703,44.65577229067274
T2R9okCj9NVddoWWUtVG1Jhqr6svUPq1M6hdxygM6c5MjZgguN2qwTJRPLwEu2Fymp5DDYjU3t2oZYsvYwFiQVe,289618256,3quj7DSnsahzSsgnYdiSncyuPxkScv7khXGEtz6AYrWy,24,1726263914,buy,10185996.259358,0.274292878,0.274292878,3.742711818312319e-06,2.6928429091852824e-08,2jQJsKDZnRhWFQUPcRqzZWXJZkqASuSCDm1QtTQV9YA5,85042904283.35185,2301.4877111629744,638168.8309691203,38.12324858118426
3Yp9zemwpxBCMQKQsqzNmJuzHBAKpV3ZWX9Y5qy2Vg7jTUKBhzbsfMKghkqKkG7VXLt3eJiXmEAv4vJkUzs75yAX,289618256,3quj7DSnsahzSsgnYdiSncyuPxkScv7khXGEtz6AYrWy,15,1726263914,buy,21354539.165030997,0.574824813,0.574824813,3.7412839650657635e-06,2.691815583364595e-08,EjuJrLtyW9s7qCras99xLdt9cniQ8NVTQHvMheXRXTmF,85053090279.6112,2301.2134182849745,638047.387638035,79.8933949594993
2MFGrMvpFxm8b3vxRSxg2pdM6ERrbZ6xVNBkXtjzULx6HwbQ5fBHAowJ28X9exaZVg7a7S3ewMuAoesh9BKZmi3w,289618241,HtbRH59ktYRJsJTbxFM8PEg5nnR9ZMZepQwhTNCGaKqm,134,1726263907,buy,3004451.065537,0.080850488,0.080850488,3.743553969937463e-06,2.69102362582661e-08,DnS7Kc3S6ixwLkuEyQxaAnsPa6Cye2WWfxopk5TERm5o,85074444818.77623,2300.6385934719747,638528.6807333513,11.247324713873876
333vK9ZNHZ24Di4373EdWsB9Tgwzzj9wt35kmHa2bemX4CgfBJtPhLKSggPL6mjF9DKG6GVMAJZctsi6W4FhYtxG,289618196,5xxTzy4QjS6uAR8B3nmADU4JZBNdGa87F8UH5fo5stzi,14,1726263888,sell,9407477.251504,0.251912705,0.251912705,3.725916955148132e-06,2.677792337576219e-08,32yNmvMimfSGcDYE751gJFmGgdRiFCQEoTcngfuNbH1f,85077449269.84177,2300.5577429839745,637094.2677937053,35.0514789965491
k6s3sR8nq8dwVTWZZhchZec5mPjQWVFFvdLi9s3GrWkVYA2rAjyu4nudWndxtNJiYYzidNLdR3SJUymGHG6CtE2,289618166,FNFSVi8CFJKpty7jBN6UQ1VUVMKkwF6BMp9V64prdXbQ,8,1726263874,sell,12047419.471466,0.32268838,0.32268838,3.727306003907466e-06,2.6784854695586806e-08,84SDbPbEt3fds3jJ3oBnxQzASTYDQbaYPRMD8iMmrxVD,85068041792.59026,2300.8096556889745,637248.9057677877,44.90441892758693
4WVXT1pKutotixWRh8GagenpAbCJvN4G7N2sY3EzoHrkzfYSFTBiyNGAFVZdfj9M9P6Zbo1SrSt3Z5qUraUwWCc5,289618097,FUBKtStUuS2XrRvDcQfVpgA9D56G4pNf4JQBvnLiHq4i,37,1726263845,sell,10293283.018695999,0.275778391,0.275778391,3.727197958722639e-06,2.679207309262705e-08,536gxByJLvx61rYgb6gibYomHBKd36wrgxY4NfvTzm7r,85055994373.11879,2301.1323440689744,637144.1616625106,38.36510345583813
6DfVJunFoLG5r67cVJ3yavMcHA2anuEuvfsxLe53nDskoig3qXaxNiVQP7VSGdGmT8hVRDZfqQeNxxx8sUQHStY,289618097,FUBKtStUuS2XrRvDcQfVpgA9D56G4pNf4JQBvnLiHq4i,26,1726263845,sell,21490953.469522,0.5760081370000001,0.5760081370000001,3.7286281575141136e-06,2.680235373534647e-08,2yGbd3N6nQ7oikGaZL9DurLzjJHt85Wjsd9TAWJSgi4T,85045701090.1001,2301.4081224599745,637265.7939214298,80.13177423828536
4oQgano211yRoFu23X4EVSrbsRspxf9nr7tPDvNkNzWCNm5Zyv7yfxrdxupMtY9d3JDD13K6XChzWaUvNa92UWue,289618071,6PNT8Kp8ewsVxwNPjCQx9gWThDrGEdsqbpASsgh2iods,3,1726263833,sell,3078832.5708049997,0.082544404,0.082544404,3.730560514691849e-06,2.6810293220464965e-08,F4TLwSMHHKh4ApNnfLLrLw7YzdusE7BWx9rAq1de4ZcC,85024210136.63057,2301.9841305969744,637501.1718955934,11.485771219992328
2Zm3dekgVzecVvPShQ2A4t4qnHyZZxRcMXk7oygrZycA2tLA9BoLc1ncN7SLnP4ga5n3wRW3iDJ4HEhHtbmt99Ja,289618037,FVS7XAFj7fB1YZ9aoHWcFVYdSo1dCvRGPVT4QX8cNL4c,11,1726263817,buy,94761540,2.550502524,2.550502524,3.7446647989775827e-06,2.691495435806552e-08,6vNAt1NG3eNXeFn61sawneNAzTwcduMSVVo1pdCxBvBi,85021131304.05977,2302.0666750009746,638661.07918432,354.85020313490617
2ArubNU1FyE9AJPCNXgzc4Ae2ZyJPUhTrob9EnpvYGKrdP1u4aUEMeMhoBSzUVVZ5eCx8isLtXfT9o5reRn7b8SB,289617949,7yxSywWZiPZ2fofk2TrVsQc9M9RETqA2NdG8rKKjFbzW,121,1726263777,sell,80417070,2.153239981,2.153239981,3.725891029493845e-06,2.677590691876737e-08,6vNAt1NG3eNXeFn61sawneNAzTwcduMSVVo1pdCxBvBi,85115892844.05977,2299.5161724769746,637112.2422168092,299.62523973117857
4hHkeSDCMRPkFDs3m3ia9ifrtYUKsgBQwD4o7duiRo5e8NMTbcS2BgyNs8Y9rWokR7oJfGxzdYo84pySLXEQwFY7,289617886,8koauLNqEifFaEPKnFt7ZNyVHUZzeYwia7haJsgrbcKK,7,1726263746,buy,9407477.251504,0.253374404,0.253374404,3.7497486888547103e-06,2.6933299674946577e-08,32yNmvMimfSGcDYE751gJFmGgdRiFCQEoTcngfuNbH1f,85035475774.05977,2301.6694124579744,639308.1729701333,35.27567548925764
2dWQCRMwGR13o9AnJx9gRNYKuYbHaFHmCAwJ8nLgAmS3hyXMFoshoaYgT9iQsFLYxTwK3XdhBUkeTs9925FFY4WC,289617864,AHucNoiA76g1svwyJyhbEGrmPrDHHz1PRCYzncXqMtnA,7,1726263736,buy,12047419.471466,0.32439256,0.32439256,3.7485988002310052e-06,2.6926310714781318e-08,84SDbPbEt3fds3jJ3oBnxQzASTYDQbaYPRMD8iMmrxVD,85044883251.31128,2301.4160380539743,639195.2643561936,45.1609421766171
4wQAMsbvHeo89CwoddkAvq2kMSRXyP4Hzo2NsDn6uBQT6zRWckfV7NRoe3Q6V7mL6rq1oy6ewo3WfuVtsjonYgRq,289617832,Au1C3yk4HgmaYKijzT3W9weJdo6AbqEPCX9MuVhbTAr8,60,1726263721,sell,33611185.802635,0.900740383,0.900740383,3.7320067801575134e-06,2.6798827875016095e-08,6jvYtr9G5WQnKs3cFsFtKmEfkbEnUXFhBKsmZad26QPV,85056930670.78275,2301.0916454939743,637883.2371279417,125.43717330456778
3qiCQhm9yK62VKugreKFhXTSRipp5882y56MJu8vSHcZbEmi3iJeTVqbddeUrqJxH44mj7mEU1ompDCobYHPk76r,289617790,3a4xmFv3WCuFFJh4cfTabeV4L9F8ByVi2jassq4K2wFV,7,1726263703,buy,21490953.469522,0.5789066390000001,0.5789066390000001,3.751503541897357e-06,2.6937224531289075e-08,2yGbd3N6nQ7oikGaZL9DurLzjJHt85Wjsd9TAWJSgi4T,85023319484.98012,2301.9923858769744,639560.0276853766,80.62338805966307
3dw6giCm4en3JftrBKaPVrnM3jRkn8Sm7Z75zxWKSy3yoH39hve7AaEnihZXUjLwDfuMpW9BBsu2r9RqLMLhgMvw,289617789,2ReYPPk5hH783BEdE9AvdymJCFJpTkiDn9epip7AW7T7,6,1726263703,buy,10293283.018695999,0.277165948,0.277165948,3.7500622175716854e-06,2.6926875273571624e-08,536gxByJLvx61rYgb6gibYomHBKd36wrgxY4NfvTzm7r,85044810438.44965,2301.4134792379746,639437.4505313197,38.60045174318409
3qR1D28XedteMi5hSK9sFFzQR43Si5V5bEm7SWJcFb2PKfgZ7kWEDQpJiUHtjCixbJW1ewjHXSLQyUGU3BibgMbi,289617769,EtacTGXSH6yrmUpyjNtjx1TBiGsRsHTcYkMHZpY4LdGC,0,1726263694,buy,3078832.5708049997,0.08288994400000001,0.08288994400000001,3.7491147449916155e-06,2.6922524071624778e-08,F4TLwSMHHKh4ApNnfLLrLw7YzdusE7BWx9rAq1de4ZcC,85055103721.46834,2301.1363132899746,639327.675330213,11.542896588565466
3eXQUGQeimtTmX93TrbeqXMeuRr3iCsrzib4QSoTKbL4PCGCBREk7v96QavbL7c92fp533zAV7aZqFuu1eQr2zvi,289617759,6edhd6wNNvwQ6sxV5WXba8sW4Vuo8rGEasLpGC7UHNid,34,1726263689,buy,84366120,2.268946744,2.268946744,3.7451497242578367e-06,2.689405111909852e-08,68VBpS37Hji5WkoCCgLjcnB7sPspWDrUKQtQVx99SHn4,85058182554.03914,2301.053423345975,638990.4178728088,315.96375105470355
3b41Betmf9h6PYucZCkmVRup7N9kxX9fKieTo6n8798fuJfccZnUjuVg8gF4ANaacoYeFTJMBQQaFm5ZZopXJYFU,289617734,8aw2MwFSfzriMu4Ex5jogviTrwE5xu5LZU1JtuV7Ckeu,2,1726263678,buy,53513696.753121994,1.436805144,1.436805144,3.739468791228706e-06,2.684929711786687e-08,6jvYtr9G5WQnKs3cFsFtKmEfkbEnUXFhBKsmZad26QPV,85142548674.03914,2298.784476601975,638553.9313932717,200.11279891157665
2YKsRc65m4eny5Z5tFZ9dXrAiC5gu26pEwWgxhPWgbLLrUyBXBm7eSESE9W2KEXU7yM2G3cDpmjHhRbNFk867gYm,289617731,EBqpZdriJNKX9KMezGYmV4Xxg9qZ12WjFCbtM4afskBL,13,1726263676,buy,17140319.538604,0.45981332500000005,0.45981332500000005,3.7362818547704575e-06,2.6826414989778524e-08,7gEQ6syDZmyPE4JdfJm4qatawnDqvqdh6i8jJjCXio6h,85196062370.79227,2297.3476714579747,638282.416956003,64.04106487705366
445SM8jPropP9DjZ67CEnsthNVHsEyBPUGb9pK5Gc4hGqGfRVgZLYQviXDPBeh1TkwmQgYNk8UeD8xhKV85fZC9D,289617721,6j4dcaq9DkLqxz4JCbqsMVwJsVcMJdF9QKz1EQyyf1AD,82,1726263672,buy,55257021,1.4810524580000002,1.4810524580000002,3.733016983409797e-06,2.680297329094162e-08,CKBCxNxdsfZwTwKYHQmBs7J8zpPjCjMJAxcxoBUwExw6,85213202690.33087,2296.8878581329745,638004.2068109892,206.2753978456318
tqNFwU6resb2SCcYBLESj17CfV2DsAHXC4nWMc2dBGnooMtkbZ3x393VSo5pMU1NwcHMad42ypbAXB9oh7RR7F3,289617718,CsmeNKnRgRaxB6aD5qRpBZRatCUwDt5J21CDvtwVHr5u,203,1726263671,sell,12217678.853559999,0.32566584800000004,0.32566584800000004,3.712449067232103e-06,2.665529614122303e-08,12Aahw5ZWvdqebh6wyqLFnqWyvJnCgr1uRY6Bx2aJaph,85268459711.33087,2295.4068056749747,636250.4122790454,45.35751046364021
21hy4xg51Wwjp89UtDAXbz4gZgj8B2RcvLMzCfw8ADHj5uE8PMXTrWbyYU3mnk8HumQr52DqmXmE5t96j5NnV9W1,289617718,CsmeNKnRgRaxB6aD5qRpBZRatCUwDt5J21CDvtwVHr5u,5,1726263671,sell,9555868.053538,0.254781229,0.254781229,3.7134217427246513e-06,2.666227992816088e-08,8YaduxW5jwYDbdUnpfaNr2cSTZk2Z31A7oaEo8xo6o3n,85256242032.47731,2295.7324715229747,636333.3389362572,35.4849682006159
64YqTRG7BaNKM1dpx7RP3QbKHbfpdchQktC7rECdhWD6TLZS8TSg7SxuAmGotfPJmgGsTQbyP2YH6Y2b7rZeR23W,289617717,7BN3unSPGkZ2pFe83ydT5UqFj7tGXNkfhmpXjxM64qzK,160,1726263671,buy,32199206.990268,0.862576529,0.862576529,3.7310361154751734e-06,2.6788750706211747e-08,YpnnUu1ZPHpAzy4xggEd5pBTbu1aDayXuARsYsavNs9,85246686164.42377,2295.9872527519747,637834.9058421042,120.13640417035056
3fvQRyeX3HHmHQgxZsnvYTTpQF6VLsA7KUFbUzfvAciJ5bbVwtLQ2oqnnmDjnxghNYenYSCczNRsPwWfhWbsQ3Vq,289617714,DseCo1HJzYjbsHDPQmFwabZT2oEKT2zM4Z3RT8tSZm36,12,1726263669,buy,33541150.822031997,0.897813394,0.897813394,3.7286728749956627e-06,2.6767519062293418e-08,6jvYtr9G5WQnKs3cFsFtKmEfkbEnUXFhBKsmZad26QPV,85278885371.41403,2295.124676222975,637684.2874138958,125.06397926624918
4YjCDUUbWiS4wmut9NjS7HA6qo4BznftsfGZizZMSVJhsx4wxx29NeLNbhXijpqtwZBehPSjSFgeLvVmm9RZt6LB,289617712,JDDHoP2nL5tt3g2p3uhFahf4gWaEqGoxmXrMKU2Ty55g,12,1726263668,buy,2812234.85761,0.07524359600000001,0.07524359600000001,3.727040556863592e-06,2.6755800923378916e-08,CKBCxNxdsfZwTwKYHQmBs7J8zpPjCjMJAxcxoBUwExw6,85312426522.23607,2294.226862828975,637545.0303931925,10.481313369737977
22Q1EnG8LyecdE1JrBSDQox33QMXgzAPNunuUfUMYBfPzyZPDv2JsHWzdaY8jyh1qo22mBDXhghDgsbbod9WJy8T,289617648,EkjEMDLyVgDPaPHHGYfm21LVAzyFBc95vQfL6CTuLR5b,25,1726263637,sell,21772134.662365,0.5797542320000001,0.5797542320000001,3.7071246455034565e-06,2.6628267783138183e-08,FTfUdwY8NRCtvePVtCAsBdxFLDnm7otnsEEw57uaYbrD,85315238757.09367,2294.151619232975,635660.6025530049,80.71201699207337
TACRpUsK7HGHSwuKgTYeyBh4Uc8ceJx7MddreUXav77DbJWF23rrYEd88uPkbWa6q19CVdR6NshriLJSFnMujGs,289617616,4gWTZ8MeMzV7VFBLZyfVpW2mHs6xGAASBoVcAsuPb1S6,47,1726263621,sell,10455987.945387,0.278532743,0.278532743,3.7091954150908396e-06,2.663858685136337e-08,t4ah59A4sSUhPTK8PTCu7ubWrJRkYnnJyErWuseKKTN,85293466622.4313,2294.731373464975,635891.8553407982,38.78330254727455
48cR6MQuaaPJv6PY2V8J5TvmDLRLPNrh3bSAE1thJVJXHLjJwdqvpD8eds5fyQx7p2USh5paCZbUivhYqRVqhEGA,289617600,4uLK93ivZb2yp4bM7e8U9B3vVUP6q32J9mVofknKJYhJ,12,1726263614,sell,3174309.0319439997,0.084572963,0.084572963,3.7098032171973305e-06,2.664295194605111e-08,AKxv23uXgVhvPW4iYqzCizHcXJRh9PARjagpNXNtjoic,85283010634.48592,2295.0099062079753,635943.6905343097,11.776061859084393
3zvL7k5EqmFg1x8qwQnXUc4LZ3EjEYCS1GfWrFMYFttDiQSAEAfDZ1RFJjGgyozf1aP2bSqbAvwGvJsv9CYHPzLf,289617564,3vVVkdGNChGZK49dX4qwc7tPFM4h4ENm3gz3VeXCbfrz,1,1726263596,sell,76975850,2.052845478,2.052845478,3.713906593445791e-06,2.6668695155688442e-08,68VBpS37Hji5WkoCCgLjcnB7sPspWDrUKQtQVx99SHn4,85279836325.45398,2295.0944791709753,636338.2781422167,285.8811168510942
82CYnuZsjyvZ1BfMs2ysBf63xfkGxKB2rLxjUFDK7eUMwXmJCvcyDonSJAnaSJKCLhyhJgMSVcmPTydVsi5ir2a,289617510,8EUS67NGkKGQqRQvu5Qy4CY8djM9PBXiee42Skti8Gbo,100,1726263571,sell,50000000,1.3354742110000002,1.3354742110000002,3.7214609633434713e-06,2.6709484220000003e-08,JECMoiUjfeZi7sK7SfGMhv9WknzxgSDfyp4ZVc5qx7Qq,85202860475.45398,2297.1473246489754,637143.1094280812,186.07304816717357
4KtFrh7HTBJF35WEkjCeukxeL6Mi8w72aury21n1jx4p9cMM2hDfuDqJgg3SFanbQFWGN5MSfmRdB7XtrVhw62Kk,289617431,3vDpjwTrt14mzodhTNqWd8xqmkW4t8NCo6WckJB67aAf,29,1726263532,buy,12217678.853559999,0.32811452700000004,0.32811452700000004,3.7429516814786583e-06,2.6855717107377865e-08,12Aahw5ZWvdqebh6wyqLFnqWyvJnCgr1uRY6Bx2aJaph,85152860475.45398,2298.4827988599754,639068.614247544,45.73018160869864
XMnuyQtNRnqZeJdaRvpPqEFKxerBQAghazxiPk6obEkeDNvdSXxx8ULCi4RoUtee7c11zwCZKgASYkfRnsHHtkU,289617430,J4htPLqAF7uhn4m3EHyHCbkpgQS4ssWwBbrLt84uBjak,17,1726263531,buy,9555868.053538,0.256562224,0.256562224,3.741967700086822e-06,2.6848657030693246e-08,8YaduxW5jwYDbdUnpfaNr2cSTZk2Z31A7oaEo8xo6o3n,85165078154.30754,2298.1546843329756,638984.8133954059,35.75774960263073
51LZ4VdrwMiiBQ5PmoNWaXPa6x6nE8Kq23ekmGZ1NPBvdGZ575j8zkvnDgzFfTP1jwKUFmmfZRDJ3eQTsKxbCpSD,289617340,EffFFcqxTLiCuvgX3DgKRmBQ5ReWWZN4aZHsJzowGt67,2,1726263492,buy,21772134.662365,0.5843313870000001,0.5843313870000001,3.7412634293389503e-06,2.683849774317568e-08,FTfUdwY8NRCtvePVtCAsBdxFLDnm7otnsEEw57uaYbrD,85174634022.36108,2297.8981221089757,638985.7589874712,81.45529119094911
2nYZGygUoMCxvc7CM75KyR13Tem8KkrYZ8Aqj8VqnxNvSW8tpiHoSUHby8ALih7fNwFGKuG66nacfWzys3F2TWey,289617282,EUW72Gb1Rkt4PH6HcbtczWUVYts6Uuf3BuZuuRVSEJMJ,2,1726263465,buy,10455987.945387,0.28051388800000004,0.28051388800000004,3.7410727281194793e-06,2.682806153422909e-08,t4ah59A4sSUhPTK8PTCu7ubWrJRkYnnJyErWuseKKTN,85196406157.02345,2297.3137907219757,639077.75784763,39.11661134803333
5j5tvntP6WiApqsoomnKAv4tW85XPm6QQZwLZMmFG9cVK2YAKCTqbD8uzjaeE46SP4epm59W8xH2nrW581DwRhrg,289617277,7unXwGXT6pBTnrHfNURrsv4SC8zYuVcHLnQ9pyouGEc8,59,1726263461,buy,84568680,2.2662114580000003,2.2662114580000003,3.73678177782584e-06,2.679729017882271e-08,DJ1wBrHomngWYsPFQr35HzEj4qsS7uQ27ZrBe3eHZHcw,85206862144.96884,2297.033276833976,638712.139437489,316.01470239878455
2PKZy41NvYNTub4dZpVXFYJsWAidK59gfrMDgHFDP9U4LhHctucnMTJKhiUS6D9pyU8KWCYemrdS9afyY2Tf3uv4,289617273,A879ftL3UxVwmyDGDHdYnx6ouniUVXibsu4KXuurijRb,37,1726263460,buy,3174309.0319439997,0.084972987,0.084972987,3.7328327998038653e-06,2.676897118235559e-08,AKxv23uXgVhvPW4iYqzCizHcXJRh9PARjagpNXNtjoic,85291430824.96884,2294.767065375976,638375.3254516985,11.849164871154217
4QySW4Q5bNvC4yAUwHfTdt3TBC4CWxkRjsX4bQrT65XQMsJMPDHPCDNXRZtJax9D3cRMsDJxMuxQasq6ub6vEY8Q,289617234,HCjVVPzAtvXLZhSQmino51t24oxHtGFLEQVTMxCEkGf,41,1726263441,sell,12358477.489838999,0.329208088,0.329208088,3.7102229445647705e-06,2.6638239885994954e-08,A2cvqvH6xsV6Zh7RETH5t8oFjjyLdPAWB8eJGcJBekz8,85294605134.00078,2294.682092388976,636069.5346253526,45.852706742687886
5RHjJs84BQWvbySNSggPK9C7sVeJ4N7dFphG4z8hrXnRMJYj5DEsCAeSTJ9sNNTTAE4u65fYMtet8QoH5tce5NM1,289617170,Htb7Z5AeNxNXhVTWaGh51yPCF7Fv2gV2np7Cwkk9upri,103,1726263406,sell,21960554.259625,0.585232175,0.585232175,3.7121755862953803e-06,2.664924428050358e-08,4iautrZVeixZYTBADbq2wW7gUDKJUf5FK5L6WyYjH44c,85282246656.51094,2295.011300476976,636272.2242839816,81.52143338409495
4JfdUnDe15UDQQ5hPaLXUyyGW5xGSooryueDdz4QCWAZCbaHNx7CuUrt37yyZ6tfryFkV7V9EEjT6oaWNbEN1GRA,289617105,AoGMWBLERcrLQdXdHwyHJkTEnFk5Df6xnxnX1UvdL66F,17,1726263369,sell,28962674.587936997,0.772306585,0.772306585,3.714574939248225e-06,2.6665582374138438e-08,DFUqUdfEmpmgfx8DagKLuuMYZ3SCLT8dkqPnU3ZV37c3,85260286102.25131,2295.596532651976,636487.4253582698,107.58402519795219
4hjaR9uqnHp3c6WLMhQ9r3oB7y5yixyqPM2piwq8quBzneh8j7FvGkhrkahvwjKv3KaaR1XHku66Sh1icMjzEWGs,289617097,3N5fTS7CE4jRdYat24XRsFkp2YxARR12VxaSGEnygqqs,72,1726263364,sell,10567723.237639999,0.28192852100000004,0.28192852100000004,3.7167835808653325e-06,2.6678265001853018e-08,J3CrZPjGwhDSgj9M7fTa261onZJjMY8ArrGT4Urb1p5e,85231323427.66338,2296.368839236976,636713.709975822,39.27794021678938
pDHh3JXEWnfc2g8Ke3ADqvJqk4mDRwGuwRdgQFd2MZST4CnxcSLfqHc1Bip1Ymzsb3LF2yCyWdDGVEbnyyc6RF4,289617069,8rEALvBPzZ4b1wUkSPUxoZoqWWbLuVRTukx6irVQKqUm,9,1726263349,sell,65363940,1.7453932550000002,1.7453932550000002,3.7179685635475854e-06,2.6702693488183243e-08,12piEHGXM6Z4XRSBy4ks6HX4ygZe3Bg6eCvXyp3z8s59,85220755704.42574,2296.6507677579757,636623.89754777,243.02107410961057
2dmKgRWTNkKpSewm9BZRSvJhY6JNFfnCmS3cpfNE2fRL4x7RgGkGnY6R1r8Hp7iJbr5yryNDPD4fZ61u9H6ApeyQ,289617065,6kQqKPMuRtPL7UAEv2f7bJk12UwVtpVeh1cdet1xGPg8,58,1726263347,sell,3242768.436307,0.08666214800000001,0.08666214800000001,3.7210384254026896e-06,2.6724741436886094e-08,HqsY8TsKCibxsUBFWHcuasgCEHd7qnwsAYCjz1ecLG9v,85155391764.42574,2298.396161012976,636885.312836704,12.066465956181341
3HggHUmULbV85dARkBdhtHNQx3YGeuESw4y5cmb72ap8afdzoTwHNJdJFXkb2CQasXobdCG5Cz7jzdHsWqbVbmuz,289617053,VgbNjYQXZEzFi1Jdg7XAaAZDkXK3U6aBSR3PtqEu9wh,63,1726263340,sell,1841692.790959,0.049221777,0.049221777,3.7212662411901005e-06,2.672637762477715e-08,Ef2xHEAcR4ZQqwxSniiEveakg1y7jmgC3xWS2hycCfDR,85152148995.98943,2298.482823160976,636904.7118405772,6.853429209638903
vzXwGpG6sW7Aoq9mct8JE4wAL6LwyBziZCFVpm19TkdNTkxyM8fdK2HHJ8roA9mbgD98dRmdTHjXuzBJsVSG36s,289617008,DedtEp9CDMVetGRRWnsoQBYDBqQJu1gZZ1cSZm7sXyGJ,10,1726263317,sell,9655640.871932,0.258096093,0.258096093,3.7214958303413075e-06,2.6730084147004684e-08,9dxHS2YcTXbAYQw1WKHa53mJAadKSg76Mbxm4LysZk9w,85150307303.19847,2298.532044937976,636899.6259267267,35.933427244168044
c6Y2c848AJLqgRUqN6yax4BzDVvTCwoL98kxQ4wC58tHQxz49VXbTGy2gxgTh3Q9T4zYnvAPdym4gRsERQYR36C,289617000,9gemBWXoPXmcPFFamp6hbnt4peE6e96EK8K6ogN3vzXr,6,1726263314,sell,70576120,1.8883328330000002,1.8883328330000002,3.7251003474776565e-06,2.6755974017840598e-08,DJ1wBrHomngWYsPFQr35HzEj4qsS7uQ27ZrBe3eHZHcw,85140651662.32654,2298.790141030976,637206.5168646435,262.9031291356248
26uXtqUF9FhdEQg13iYPRJCnJeagdqf845VT2qkrT9YDMpZKgHwacbsHiHxSe8NoKwgJ3U8L5SyhLMyZEpuXM2hL,289616970,Ed6e5jvWF9d6KGFvmoeEEFgYh77dCCSPwmFt2zpBJsV,25,1726263301,buy,12358477.489838999,0.332555402,0.332555402,3.745840702806995e-06,2.6909091534408127e-08,A2cvqvH6xsV6Zh7RETH5t8oFjjyLdPAWB8eJGcJBekz8,85070075542.32654,2300.678473863976,638921.5312305031,46.29288800616294
3HZ6ND9ve9AxMnij8pVGytkiVAEKJrwQTWMRCLoPCH2QAEXrPtyqJAKMpoqkCMfMnnEKfKYnkhKYi5XiNZEdSc2N,289616885,HAeBwPv82jSGA2ShLkK1n8wrouiNjPCCotjfGDkvGrG7,122,1726263260,buy,80651550,2.167819829,2.167819829,3.7440163604547547e-06,2.6878836538169447e-08,68VBpS37Hji5WkoCCgLjcnB7sPspWDrUKQtQVx99SHn4,85082434019.81638,2300.345918461976,638970.6183562063,301.9607226960347
5DVVz6FLpeSGXKfKmASJbZ3Pi2EnPZsgCbnmsWnVo7GnJr6bjLTqWvbcYMYUJGa8WHJkzrb4NagUeg4544Xkx5hY,289616873,HDi9Gpftq7VP2in1rvqjHEdJZuvdjtVKyh7RBFd5DARq,20,1726263255,buy,21960554.259625,0.589543353,0.589543353,3.7393810408948962e-06,2.6845558906675206e-08,4iautrZVeixZYTBADbq2wW7gUDKJUf5FK5L6WyYjH44c,85163085569.81638,2298.178098632976,638575.8602398867,82.11888024598538
22CuENZGVoEivC6GtXwxqiqccKnMTAaCKdg6kMUmEzYFvwgbcR9qoQMyGvxFwjJS9WWUzmaggraoTfvNuNf4aDPA,289616840,Cf2jBPNqYMdevkV4j7LJppRauCfjLTSe9J74ZxVyucXQ,28,1726263241,sell,12499520.381613,0.33384282600000004,0.33384282600000004,3.7212014391158236e-06,2.6708450869130013e-08,2vB1mQcMDWxpTSPnPXoQNZEmje4LqZL2kj1AR6nv7hoK,85185046124.076,2297.588555279976,637106.2437177445,46.51323323231586
4B2GBHzNXQ4yjQw11obBkejnEPkJ29HKDSdanjtgzDZNxPrysKbGBbZJwzkMnndEW1kimeeZDiwcCXfoyfRxfJHe,289616789,DDFzZfw72B4nEfStcXQMuJxsa11EM6o5cSAvKcMH1KrK,4,1726263215,buy,10567723.237639999,0.283670476,0.283670476,3.7332308430702714e-06,2.6843102305104438e-08,J3CrZPjGwhDSgj9M7fTa261onZJjMY8ArrGT4Urb1p5e,85172546603.6944,2297.922398105976,637554.5946135633,39.45175033178807
3YXih9kxdDMM8tjRXA5RH3bJrrQwqXkuW2ea19YTgHsZ4eoUDkR8PwnkT1svWQ5WiiNNF1cd9kyMCHZB61nLCoXx,289616740,J5LbveozLkyePqkdp4qTrpP7TVpXx1oTwcbGBmLFDMpw,29,1726263192,buy,3242768.436307,0.08703146,0.08703146,3.728764719408209e-06,2.683862930993465e-08,HqsY8TsKCibxsUBFWHcuasgCEHd7qnwsAYCjz1ecLG9v,85183114326.93204,2297.6387276299756,636845.0705825598,12.091520538512068
BvHLUVWKkJNZyokeHwVwmrrH979mXAawF7uckZSYV9j9h9ZJ2AZFn1incr737GFWP9xP5bNfr4Ae279zkL9SwqG,289616720,tw6W8i94eQYD99YjYm4Pv5Hps1ooJobD8BKFz9NfKoZ,113,1726263184,sell,22116348.939937,0.590742789,0.590742789,3.712050627940521e-06,2.671068315137927e-08,5fp3TRy9KKG2j8rLStetoVHgyW9wpAqZHweAiPSpLcrE,85186357095.36835,2297.5516961699755,635512.591824223,82.09700697024482
49zqB5SwUyhPwtpwGyqZokurqCFsy3mvG9nhpFhUro8nQ6JatWqpp4tdx5CY9Cq8BPYopoo9qRxCxxdJc9NNR6Ru,289616700,G3pxiZYdPTV6vEboWvCvoES7rN4bJ437QRTz9Cf18sEy,5,1726263175,buy,9655640.871932,0.25924186600000004,0.25924186600000004,3.7312378095324896e-06,2.6848747736008977e-08,9dxHS2YcTXbAYQw1WKHa53mJAadKSg76Mbxm4LysZk9w,85164240746.4284,2298.1424389589756,637146.6535765668,36.02749229661993
3AaYJTwjqQomq7pxzJRR3TQ1oAu2SYWG9WFWt9eRcojnevaibqSyBv4ZeRbLgQMRp6KeP4KvaPm8NMvpXFzfNw3x,289616664,3sVUNooddRR8qTkHsdZet2GkwK7TZsjFV6czo2neyNFr,5,1726263161,sell,10675229.82412,0.28518876800000004,0.28518876800000004,3.712563883481384e-06,2.6715000304315156e-08,HpzbV75vBf8fjdNcsxBNwFwkXW5VTgQzjiQeKWSYTzdM,85173896387.30034,2297.8831970929755,635548.6641952291,39.632472692891234
65mesnLbaVoeMm6LPjF1YNRUgrJwwE94aeMqVFjvTq69B6andFh7nqqQDYnrQj8mXFDeRbebDQ1QA1RhjkuxJ7Sg,289616633,Eu88Q4f2qmjnBz3374xhKeEeX8cf8pW5Hg4Xmw2x93dQ,234,1726263144,sell,69120480,1.848331858,1.848331858,3.7165746617430944e-06,2.674072659796344e-08,68VBpS37Hji5WkoCCgLjcnB7sPspWDrUKQtQVx99SHn4,85163221157.47621,2298.1683858609754,635927.6728226854,256.8914245755203
3Gqfjzc98ASCzk6sMqJVJWGryhoJEa1ETAEsumJAsm3nz86KAhNfuzwksHkQ6f552Ye5UakuigrcweXwanHd1QHi,289616571,BtbN7V2nhvLqRdaYoq43GHNiGMAq71jcFjcJb33RveeY,87,1726263115,sell,9749330.48239,0.260951891,0.260951891,3.7206555270168898e-06,2.6766134502400102e-08,b3jqcNe45jU2xNVJx4Tt8yprHZXeQvDHUjpNv6NQwia,85094100677.47621,2300.0167177189755,636322.1518656117,36.27390034401859
8P5g82jYHPXqY6piRSxHMo5PHi5qEe11mcDABKSNPbM9hnVfbgpnGVTvCBLbqGCEePF2S6hnR4EoLiDBk48hLJk,289616523,DXuBdcAKA7HDqwU72mufRYVkZDvyyWtfUYFPodvftQL6,5,1726263094,buy,1321607.826866,0.035555476,0.035555476,3.742768213021415e-06,2.690319720965532e-08,Akr3MMWif6GSyotVCzN8N2nsPxjEjLBxyTEoz8uJ76MQ,85084351346.99382,2300.2776696099754,638465.2432057742,4.946471764474374
63bQZJzPwU63Tk7gcAcBYLDyLoDGAPNk3TvHnMJQ66CoQ1syMGZDSGq8W2n8UujwdL8F1jTcZK1PYKe814F2Xgrp,289616517,AuCywBeo19Sb2f1wiTzucEg1YV3aaG136hs4xAMkxmZf,80,1726263091,buy,12499520.381613,0.336220827,0.336220827,3.742142318356558e-06,2.6898698248821323e-08,2vB1mQcMDWxpTSPnPXoQNZEmje4LqZL2kj1AR6nv7hoK,85085672954.82068,2300.2421141339755,638411.9885370161,46.77498417919431
2gXAAmwStbbNWTcTRfbiizgDiaTL8atyBRQiu3Pisw8zLq7CRHLnA3BPkWoVzCKSx2QstB5rLo9PeDMN4i1gRD2k,289616465,6DMNNAdUyB3x6ojnSKk3CzzMG1f98r5jHELJkP7vNfE6,14,1726263065,buy,76035250,2.04306067,2.04306067,3.741630537371158e-06,2.6869914546213763e-08,68VBpS37Hji5WkoCCgLjcnB7sPspWDrUKQtQVx99SHn4,85098172475.20229,2299.9058933069755,638667.3830716249,284.49581331665036
3n6j4TbYP7pYF1Ey2boHmmTpxwcjmxXaaD7Eonh3zBYsUxqZ3PwsgQscwVYugGuEL1FSSgnGsZMQTjqbtXvBci5i,289616419,35JoR4N1sbaF4HMuw19H77ybFSJFJevKdvZHznS1SkrH,99,1726263043,buy,22116348.939937,0.593560728,0.593560728,3.739011739117183e-06,2.6838097446010492e-08,5fp3TRy9KKG2j8rLStetoVHgyW9wpAqZHweAiPSpLcrE,85174207725.20229,2297.8628326369753,638599.4480495867,82.6932883128363
5VKRhcT2Wds78zsARBtsVMxvLYuqSuAm9jymUv2S3EtPnp3WZQ6fG9pXSaRUoYppZQ9TKZ7cG2M3gQNzeoMVrR4C,289616376,3j1eQpk2GhutVxx5UwX2GsFhAGETRUyBVxMDCUGUrd5x,40,1726263023,sell,3323080.519159,0.08871968100000001,0.08871968100000001,3.7189367124222716e-06,2.6698023261396342e-08,7ynrRfArpbVkrczGFv3PLcfJ5gLFaH7VWh31NkM7YHmS,85196324074.14223,2297.2692719089755,636840.9205954864,12.358326141035667
2bKsxauupYaevmRNGdh7eLTLnLHG8RqovwMRfdZ3MXDXqn7QM7UNTi1iVUwBzujUon2xxKUwyufX2gsUjLpyDNen,289616371,J2GbfyZKJpZ6pnWSeZdBGWeyXQxzEqyii9U7G6vCCu1W,4,1726263021,buy,10675229.82412,0.286412425,0.286412425,3.737268508871553e-06,2.6829626126911988e-08,HpzbV75vBf8fjdNcsxBNwFwkXW5VTgQzjiQeKWSYTzdM,85193000993.62306,2297.3579915899754,638402.6613486048,39.89620024665008
26tstJPCEu51AMcXFrZy9iPhXmPrMB1axMV32wngxhqyo4iwojrCQ37RPRJGqogNAujZWZAvu835b9s7PaCyTXEm,289616306,3Aje5434Yvytpd8qFUqAoYJZ99ySASjW2aGT2nGCKvQ1,76,1726262991,buy,71398900,1.913707784,1.913707784,3.735016907103601e-06,2.6803042960045604e-08,DJ1wBrHomngWYsPFQr35HzEj4qsS7uQ27ZrBe3eHZHcw,85203676223.44719,2297.0715791649754,638335.198835229,266.6760986485993
3GmUBFCLS3kSUvixi68CSA6jyLTkZCjNqdZmowMABPRg7c8w8iGnPqCGGtZ8kwfxNqppB5PwvJZpyrUfGim2P63c,289616296,5UgMdqo9ZF3KHuGKWWGcssQghd8yv5enxqApDJwrdZnn,30,1726262987,sell,3260180.8267699997,0.086875031,0.086875031,3.713112359192325e-06,2.6647304433745414e-08,8MXBmLhNxhW8QJUyCxivcgDUEFdWzbqHnjUeVNMUhvNF,85275075123.44719,2295.1578713809754,636449.8617565394,12.105417721081539
2K5SCfuF4kupgvMjy5a6D5YSyQoWYgVmZydQ6WinmAPnG7LseJMcwtxYBwcYXkrsmt2t5sKyav3Wp5BnzfiVBgez,289616290,45sC79CKds8fxfoAEGbCXs9hXqYuiHptuSttmHZa1MAu,12,1726262984,sell,22303337.204905,0.5945068290000001,0.5945068290000001,3.714255753372926e-06,2.665551004937749e-08,DBpux9gCFw1RifqGNkRX4Cm6tdNDTdx8bz5s4SLYzdTK,85271814942.62042,2295.2447464119755,636547.3610535143,82.84029853273482
5bjjX1S4uJ7TfmkkojRKNKeaiakoKESVhhaqXsNdakzDDLzHMg88VHvrnLbb3BaW4jaAytJcgCtEfLTq5sDwc1KN,289616269,E8eHHgZf8MHwH89jzHnyndi9J4kDRTDH1a9nMtD1BNhr,62,1726262976,buy,9749330.48239,0.261216885,0.261216885,3.7334579267171273e-06,2.679331524065476e-08,b3jqcNe45jU2xNVJx4Tt8yprHZXeQvDHUjpNv6NQwia,85249511605.41551,2295.8392532409753,638184.3369528698,36.39871516966386
gre93Xb5uGDknhHmEqrfL8vrwHY72B5eg8SGhK5Cfb2gkqTB6Tn4izJBo4gpCdrhVo5QUv3QnQXZuKFrmYJs1FM,289616243,6YXnfRZ7skNT9DHCdG8UapTuBGUH54e3FB3tyWb3eczf,25,1726262965,sell,10793594.165283,0.287755617,0.287755617,3.716074794692109e-06,2.6659851444623523e-08,6h9yzw4KkEoF2qwvjGwxBinGkLJBhrRawvZHSo2Ct3dZ,85259260935.8979,2295.578036355975,636806.8053738095,40.109803221743974
